{
    "openapi": "3.0.3",
    "info": {
        "title": "Swagger AVP UserGroup - OpenAPI 3.0",
        "description": "test",
        "termsOfService": "http://swagger.io/terms/",
        "contact": {
            "email": "apiteam@swagger.io"
        },
        "license": {
            "name": "Apache 2.0",
            "url": "http://www.apache.org/licenses/LICENSE-2.0.html"
        },
        "version": "1.0.11"
    },
    "externalDocs": {
        "description": "Find out more about Swagger",
        "url": "http://swagger.io"
    },
    "servers": [
        {
            "url": "http://localhost:3000"
        }
    ],
    "tags": [
        {
            "name": "pet",
            "description": "AWS Verified Permission",
            "externalDocs": {
                "description": "Find out more",
                "url": "http://swagger.io"
            }
        }
    ],
    "paths": {
        "/create-user-group": {
            "post": {
                "tags": [
                    "user"
                ],
                "summary": "Add a user to a group",
                "description": "Add a user to a group",
                "operationId": "addUserToGroup",
                "requestBody": {
                    "description": "Request body for adding a user to a group",
                    "content": {
                        "application/json": {
                            "schema": {
                                "$ref": "#/components/schemas/addUserGroupRequestBody"
                            }
                        }
                    },
                    "required": true
                },
                "responses": {
                    "200": {
                        "description": "Successful operation",
                        "content": {
                            "application/json": {
                                "schema": {
                                    "$ref": "#/components/schemas/createResponse"
                                }
                            }
                        }
                    },
                    "400": {
                        "description": "Invalid request"
                    },
                    "422": {
                        "description": "Validation exception"
                    }
                }
            },
            "put": {
                "tags": [
                    "user"
                ],
                "summary": "Remove a user from a group",
                "description": "Remove a user from a group",
                "operationId": "removeUserFromGroup",
                "requestBody": {
                    "description": "Request body for removing a user from a group",
                    "content": {
                        "application/json": {
                            "schema": {
                                "$ref": "#/components/schemas/removeUserGroupRequestBody"
                            }
                        }
                    },
                    "required": true
                },
                "responses": {
                    "200": {
                        "description": "Successful operation",
                        "content": {
                            "application/json": {
                                "schema": {
                                    "$ref": "#/components/schemas/updateResponse"
                                }
                            }
                        }
                    },
                    "400": {
                        "description": "Invalid request"
                    },
                    "404": {
                        "description": "User or group not found"
                    },
                    "422": {
                        "description": "Validation exception"
                    }
                }
            },
            "get": {
                "tags": [
                    "user"
                ],
                "summary": "Get user groups",
                "description": "Get user groups",
                "operationId": "getUserGroups",
                "responses": {
                    "200": {
                        "description": "Successful operation",
                        "content": {
                            "application/json": {
                                "schema": {
                                    "type": "array",
                                    "items": {
                                        "$ref": "#/components/schemas/userGroupResponse"
                                    }
                                }
                            }
                        }
                    },
                    "400": {
                        "description": "Invalid request"
                    }
                }
            }
        }
    },
    "components": {
        "schemas": {
            "addUserGroupRequestBody": {
                "type": "object",
                "properties": {
                    "user_id": {
                        "type": "string",
                        "example": "uuid101"
                    },
                    "group_id": {
                        "type": "integer",
                        "format": "int64",
                        "example": 1
                    }
                }
            },
            "removeUserGroupRequestBody": {
                "type": "object",
                "properties": {
                    "user_id": {
                        "type": "string",
                        "example": "uuid101"
                    },
                    "group_id": {
                        "type": "integer",
                        "format": "int64",
                        "example": 1
                    }
                }
            },
            "userGroupResponse": {
                "type": "object",
                "properties": {
                    "Users": {
                        "type": "array",
                        "items": {
                            "$ref": "#/components/schemas/User"
                        }
                    },
                    "groups": {
                        "type": "array",
                        "items": {
                            "$ref": "#/components/schemas/Group"
                        }
                    }
                }
            },
            "User": {
                "type": "object",
                "properties": {
                    "userId": {
                        "type": "integer",
                        "example": 101
                    },
                    "userName": {
                        "type": "string",
                        "example": "yadu@gmail.com"
                    },
                    "Groups": {
                        "type": "array",
                        "items": {
                            "type": "integer",
                            "example": 201
                        }
                    }
                }
            },
            "Group": {
                "type": "object",
                "properties": {
                    "groupId": {
                        "type": "integer",
                        "example": 201
                    },
                    "groupName": {
                        "type": "string",
                        "example": "userGroup"
                    }
                }
            },
            "createResponse": {
                "type": "object",
                "properties": {
                    "message": {
                        "type": "string"
                    }
                },
                "example": {
                    "post": {
                        "message": "Item created successfully"
                    }
                }
            },
            "updateResponse": {
                "type": "object",
                "properties": {
                    "message": {
                        "type": "string"
                    }
                },
                "example": {
                    "put": {
                        "message": "Item updated successfully"
                    }
                }
            }
        }
    }
}