{
  "vpc-provider:account=094853031708:filter.vpc-id=vpc-09ec7d43629001bbd:region=us-east-2:returnAsymmetricSubnets=true": {
    "vpcId": "vpc-09ec7d43629001bbd",
    "vpcCidrBlock": "10.0.0.0/24",
    "ownerAccountId": "094853031708",
    "availabilityZones": [],
    "subnetGroups": [
      {
        "name": "Public",
        "type": "Public",
        "subnets": [
          {
            "subnetId": "subnet-07ea61c822cfc29bd",
            "cidr": "10.0.0.128/25",
            "availabilityZone": "us-east-2a",
            "routeTableId": "rtb-0d49a6c7630a65d27"
          },
          {
            "subnetId": "subnet-01598f5327881f88a",
            "cidr": "10.0.0.0/25",
            "availabilityZone": "us-east-2c",
            "routeTableId": "rtb-0d49a6c7630a65d27"
          }
        ]
      }
    ]
  }
}
