{
  "$schema": "https://ui.shadcn.com/schema.json",
  "style": "new-york",
  "rsc": true,
  "tsx": true,
  "tailwind": {
    "config": "tailwind.config.ts",
    "css": "app/globals.css",
    "baseColor": "neutral",
    "cssVariables": true,
    "prefix": ""
  },
  "aliases": {
    "components": "@/components",
    "utils": "@/lib/utils",
    "charts": "@/components/charts",
    "dialog": "@/components/dialog",
    "interview": "@/components/interview",
    "layout": "@/components/layout",
    "media": "@/components/media",
    "navigation": "@/components/navigation",
    "question": "@/components/question",
    "table": "@/components/table",
    "uiState": "@/components/ui-state",
    "theme": "@/components/theme",
    "ui": "@/components/ui",
    "lib": "@/lib",
    "hooks": "@/hooks"
  },
  "iconLibrary": "lucide"
}