{
  "startTime": "2024-12-26T13:23:50.483Z",
  "lastUpdated": "2024-12-26T13:23:50.483Z",
  "formattedDuration": "30 seconds",
  "status": "PARTIAL",
  "image_kpi": [
    {
      "filename": "abff0936-6773-4e6f-8ab8-a0f9be76e092_happy.jfif",
      "persons": [
        {
          "person1": "happy",
          "sentiment": "positive"
        }
      ],
      "overall_emotion": "happy",
      "overall_sentiment": "positive",
      "image_resolution": {
        "width": 225,
        "height": 225
      },
      "image_quality": "Low"
    },
    {
      "filename": "abff0936-6773wdwdwqda0f9be76e092_happy.jfif",
      "persons": [
        {
          "person1": "happy",
          "sentiment": "positive"
        }
      ],
      "overall_emotion": "happy",
      "overall_sentiment": "positive",
      "image_resolution": {
        "width": 225,
        "height": 225
      },
      "image_quality": "Low"
    }
  ],
  "audio_kpi": [
    {
      "filename": "abff0936-6773-4e6f-8ab8-a0f9be76e092_sample_audio.wav",
      "audio_length": 88.584,
      "audio_clarity": 0.07111018896102905,
      "transcribed_text": "ho lowand welcome to day let's talk about art oficial intelligence or a i a ira affers to the simulation of human intelligance in machines that are programmed to think and learn like humans it encompasses a variety of technologies including machine learning natural language processing and robotics machine learning a subset of a i involves training algarithms on large data sets to recognize patterns and make decisions this technology powers everything from recommendation systems on streaming platforms to fraud detection invaking natural language processing or anal pe enables machines to understand and respond to human language its the technology behind virtual assistance like cerie and elexi a iis transforming industries by automating tasks improving efficiency and enabling new innovations from health care wherea iacists in diagnosing diseases to autonimous vehicles that promise safer roads the potential applications are vast however with these advancements comethical considerations such as data privacy and the impact on jobs its crucial to develop a ir esponsibly to ensure it benefits society as a whole thank you for listening i hope this brief over view has given you a better understanding of aiand its significance in our world to day",
      "sentiment_score": {
        "positive": 0.212,
        "negative": 0.018,
        "neutral": 0.771
      },
      "overall_sentiment": "neutral"
    }
  ],
  "id": "abff0936-6773-4e6f-8ab8-a0f9be76e092",
  "duration": 30,
  "video_kpi": [
    {
      "filename": "abff0936-6773-4e6f-8ab8-a0f9be76e092_sample.mp4",
      "frame_analysis": {
        "frame-0": {
          "dominant_emotion": "happy",
          "emotion_score": 9.784700393676758,
          "sentiment": "positive"
        },
        "frame-1": {
          "dominant_emotion": "happy",
          "emotion_score": 9.784700393676758,
          "sentiment": "positive"
        },
        "frame-2": {
          "dominant_emotion": "happy",
          "emotion_score": 9.784700393676758,
          "sentiment": "positive"
        },
        "frame-3": {
          "dominant_emotion": "happy",
          "emotion_score": 9.784700393676758,
          "sentiment": "positive"
        },
        "frame-4": {
          "dominant_emotion": "happy",
          "emotion_score": 9.784700393676758,
          "sentiment": "positive"
        },
        "frame-5": {
          "dominant_emotion": "happy",
          "emotion_score": 9.784700393676758,
          "sentiment": "positive"
        },
        "frame-6": {
          "dominant_emotion": "happy",
          "emotion_score": 9.784700393676758,
          "sentiment": "positive"
        },
        "frame-7": {
          "dominant_emotion": "happy",
          "emotion_score": 9.784700393676758,
          "sentiment": "positive"
        },
        "frame-8": {
          "dominant_emotion": "happy",
          "emotion_score": 9.784700393676758,
          "sentiment": "positive"
        },
        "frame-9": {
          "dominant_emotion": "happy",
          "emotion_score": 9.784700393676758,
          "sentiment": "positive"
        }
      },
      "average_emotion_scores": {
        "angry": 0.000033865359000628814,
        "disgust": 1.1336522853704855e-23,
        "fear": 0.0002553556114435196,
        "happy": 9.784699440002441,
        "sad": 2.838404782323778e-7
      },
      "overall_sentiment": "positive"
    }
  ]
}
