{
  "version": "36.0.0",
  "files": {
    "dcc8cf540013c69f3aa84eae8e698374f63d204a6a8068770a5300f96154143e": {
      "source": {
        "path": "asset.dcc8cf540013c69f3aa84eae8e698374f63d204a6a8068770a5300f96154143e",
        "packaging": "zip"
      },
      "destinations": {
        "current_account-current_region": {
          "bucketName": "cdk-hnb659fds-assets-${AWS::AccountId}-${AWS::Region}",
          "objectKey": "dcc8cf540013c69f3aa84eae8e698374f63d204a6a8068770a5300f96154143e.zip",
          "assumeRoleArn": "arn:${AWS::Partition}:iam::${AWS::AccountId}:role/cdk-hnb659fds-file-publishing-role-${AWS::AccountId}-${AWS::Region}"
        }
      }
    },
    "e430c5c6eafbb45bc4f46df5548b2e2f472c6bbff64eb2186d901d4443a3057c": {
      "source": {
        "path": "asset.e430c5c6eafbb45bc4f46df5548b2e2f472c6bbff64eb2186d901d4443a3057c",
        "packaging": "zip"
      },
      "destinations": {
        "current_account-current_region": {
          "bucketName": "cdk-hnb659fds-assets-${AWS::AccountId}-${AWS::Region}",
          "objectKey": "e430c5c6eafbb45bc4f46df5548b2e2f472c6bbff64eb2186d901d4443a3057c.zip",
          "assumeRoleArn": "arn:${AWS::Partition}:iam::${AWS::AccountId}:role/cdk-hnb659fds-file-publishing-role-${AWS::AccountId}-${AWS::Region}"
        }
      }
    },
    "2784ce9890023ff3204a5a9f6beac533114d98d69e9b5b357bd87a40f34b72a3": {
      "source": {
        "path": "asset.2784ce9890023ff3204a5a9f6beac533114d98d69e9b5b357bd87a40f34b72a3",
        "packaging": "zip"
      },
      "destinations": {
        "current_account-current_region": {
          "bucketName": "cdk-hnb659fds-assets-${AWS::AccountId}-${AWS::Region}",
          "objectKey": "2784ce9890023ff3204a5a9f6beac533114d98d69e9b5b357bd87a40f34b72a3.zip",
          "assumeRoleArn": "arn:${AWS::Partition}:iam::${AWS::AccountId}:role/cdk-hnb659fds-file-publishing-role-${AWS::AccountId}-${AWS::Region}"
        }
      }
    },
    "26f7904e88ee84a20fbdad7f2bed0d6a5f347b5964345f7825d9f275d381e7db": {
      "source": {
        "path": "asset.26f7904e88ee84a20fbdad7f2bed0d6a5f347b5964345f7825d9f275d381e7db",
        "packaging": "zip"
      },
      "destinations": {
        "current_account-current_region": {
          "bucketName": "cdk-hnb659fds-assets-${AWS::AccountId}-${AWS::Region}",
          "objectKey": "26f7904e88ee84a20fbdad7f2bed0d6a5f347b5964345f7825d9f275d381e7db.zip",
          "assumeRoleArn": "arn:${AWS::Partition}:iam::${AWS::AccountId}:role/cdk-hnb659fds-file-publishing-role-${AWS::AccountId}-${AWS::Region}"
        }
      }
    },
    "5e35ceba0d687c8ce8356f0b881da41b0fbc799f597d26acd5237828ca4ec4a0": {
      "source": {
        "path": "VerifiedPermissionAuthoriserUserPoolStack.template.json",
        "packaging": "file"
      },
      "destinations": {
        "current_account-current_region": {
          "bucketName": "cdk-hnb659fds-assets-${AWS::AccountId}-${AWS::Region}",
          "objectKey": "5e35ceba0d687c8ce8356f0b881da41b0fbc799f597d26acd5237828ca4ec4a0.json",
          "assumeRoleArn": "arn:${AWS::Partition}:iam::${AWS::AccountId}:role/cdk-hnb659fds-file-publishing-role-${AWS::AccountId}-${AWS::Region}"
        }
      }
    }
  },
  "dockerImages": {}
}